first_name,last_name,email,gender,location
Rene,Antonetti,rantonetti0@shop-pro.jp,Genderqueer,1801 Superior Crossing
Allianora,McClelland,amcclelland1@ucsd.edu,Bigender,5 Mitchell Point
Larisa,Groll,lgroll2@stanford.edu,Female,8141 Cambridge Point
Tracey,Luciani,tluciani3@about.me,Male,1 Burrows Crossing
Gael,Truder,gtruder4@unicef.org,Female,32892 Larry Crossing
Thadeus,Leeb,tleeb5@fc2.com,Male,71 Kinsman Pass
Napoleon,Monksfield,nmonksfield6@quantcast.com,Male,3 Meadow Ridge Place
Lanny,Keating,lkeating7@bbb.org,Female,658 Chive Street
Che,Bracegirdle,cbracegirdle8@wp.com,Male,0905 Manufacturers Park
Cris,Norrey,cnorrey9@wikipedia.org,Male,761 Delladonna Place
Jorry,Darrington,jdarringtona@sourceforge.net,Female,532 Surrey Hill
Maria,Davidde,mdaviddeb@jimdo.com,Female,905 Little Fleur Terrace
Marje,Wastie,mwastiec@fda.gov,Female,0 Leroy Way
Clarie,Cuell,ccuelld@jugem.jp,Female,24 Clove Drive
Latashia,Blakiston,lblakistone@tuttocitta.it,Female,57621 Oak Valley Plaza
Irina,MacCorley,imaccorley2@360.cn,Female,3 Acker Hill
Manon,Carcass,mcarcass6@google.de,Female,4205 Novick Way