first_name,last_name,email,gender,location
Shannan,Godart,sgodart0@cbslocal.com,Male,4 Hansons Trail
Garry,Schapiro,gschapiro1@quantcast.com,Agender,1 Spenser Lane
Irina,MacCorley,imaccorley2@360.cn,Female,3 Acker Hill
Zacherie,Gery,zgery3@ehow.com,Male,9060 Hauk Plaza
Winna,Silcock,wsilcock4@smh.com.au,Female,6123 Glendale Junction
Fey,Postan,fpostan5@sciencedirect.com,Female,3901 Northfield Road
Manon,Carcass,mcarcass6@google.de,Female,4205 Novick Way
Nikki,Pinnigar,npinnigar7@issuu.com,Female,0844 Mallory Lane
Leena,Priestman,lpriestman8@google.pl,Female,0 South Crossing
Christophorus,Keysall,ckeysall9@house.gov,Male,405 North Center
